sample	species	tissue
SRX081869	gallus_gallus	br_F_1
SRX081870	gallus_gallus	br_M_1
SRX081871	gallus_gallus	cb_F_1
SRX081872	gallus_gallus	cb_M_1
SRX081873	gallus_gallus	ht_F_1
SRX081874	gallus_gallus	ht_M_1
SRX081875	gallus_gallus	kd_F_1
SRX081876	gallus_gallus	kd_M_1
SRX081877	gallus_gallus	lv_F_1
SRX081878	gallus_gallus	lv_M_1
SRX081879	gallus_gallus	ts_M_1
SRX081880	gallus_gallus	ts_M_2
SRX081881	ornithorhynchus_anatinus	br_F_1
SRX081882	ornithorhynchus_anatinus	br_M_1
SRX081883	ornithorhynchus_anatinus	cb_F_1
SRX081884	ornithorhynchus_anatinus	cb_M_1
SRX081885	ornithorhynchus_anatinus	ht_F_1
SRX081886	ornithorhynchus_anatinus	ht_M_1
SRX081887	ornithorhynchus_anatinus	kd_F_1
SRX081888	ornithorhynchus_anatinus	kd_M_1
SRX081889	ornithorhynchus_anatinus	lv_F_1
SRX081890	ornithorhynchus_anatinus	lv_M_1
SRX081891	ornithorhynchus_anatinus	ts_M_1
SRX081892	ornithorhynchus_anatinus	ts_M_2
SRX081922	macaca_mulatta	br_F_1
SRX081923	macaca_mulatta	br_M_1
SRX081924	macaca_mulatta	br_M_2
SRX081925	macaca_mulatta	cb_F_1
SRX081926	macaca_mulatta	cb_M_1
SRX081927	macaca_mulatta	ht_F_1
SRX081928	macaca_mulatta	ht_M_1
SRX081929	macaca_mulatta	kd_F_1
SRX081930	macaca_mulatta	kd_M_1
SRX081931	macaca_mulatta	lv_F_1
SRX081932	macaca_mulatta	lv_M_1
SRX081933	macaca_mulatta	ts_M_1
SRX081934	macaca_mulatta	ts_M_2
SRX081944	gorilla_gorilla	br_F_1
SRX081945	gorilla_gorilla	br_M_1
SRX081946	gorilla_gorilla	cb_F_1
SRX081947	gorilla_gorilla	cb_M_1
SRX081948	gorilla_gorilla	ht_F_1
SRX081949	gorilla_gorilla	ht_M_1
SRX081950	gorilla_gorilla	kd_F_1
SRX081951	gorilla_gorilla	kd_M_1
SRX081952	gorilla_gorilla	lv_F_1
SRX081953	gorilla_gorilla	lv_M_1
SRX081954	gorilla_gorilla	ts_M_1
SRX081970	pan_paniscus	br_F_1
SRX081971	pan_paniscus	br_F_2
SRX081972	pan_paniscus	br_M_1
SRX081973	pan_paniscus	cb_F_1
SRX081974	pan_paniscus	cb_M_1
SRX081975	pan_paniscus	ht_F_1
SRX081976	pan_paniscus	ht_M_1
SRX081977	pan_paniscus	kd_F_1
SRX081978	pan_paniscus	kd_M_1
SRX081979	pan_paniscus	lv_F_1
SRX081980	pan_paniscus	lv_M_1
SRX081981	pan_paniscus	ts_M_1
SRX081955	pan_troglodytes	br_F_1
SRX081956	pan_troglodytes	br_M_1
SRX081957	pan_troglodytes	br_M_2
SRX081958	pan_troglodytes	br_M_3
SRX081959	pan_troglodytes	br_M_4
SRX081960	pan_troglodytes	br_M_5
SRX081961	pan_troglodytes	cb_F_1
SRX081962	pan_troglodytes	cb_M_1
SRX081963	pan_troglodytes	ht_F_1
SRX081964	pan_troglodytes	ht_M_1
SRX081965	pan_troglodytes	kd_F_1
SRX081966	pan_troglodytes	kd_M_1
SRX081967	pan_troglodytes	lv_F_1
SRX081968	pan_troglodytes	lv_M_1
SRX081969	pan_troglodytes	ts_M_1
SRX081935	pongo_abelii	br_F_1
SRX081936	pongo_abelii	br_M_1
SRX081937	pongo_abelii	cb_F_1
SRX081938	pongo_abelii	ht_F_1
SRX081939	pongo_abelii	ht_M_1
SRX081940	pongo_abelii	kd_F_1
SRX081941	pongo_abelii	kd_M_1
SRX081942	pongo_abelii	lv_F_1
SRX081943	pongo_abelii	lv_M_1
SRX081982	homo_sapiens	br_F_1
SRX081984	homo_sapiens	br_M_1
SRX081985	homo_sapiens	br_M_2
SRX081983	homo_sapiens	br_M_3
SRX081986	homo_sapiens	br_M_4
SRX081987	homo_sapiens	br_M_5
SRX081988	homo_sapiens	cb_F_1
SRX081989	homo_sapiens	cb_M_1
SRX081990	homo_sapiens	ht_F_1
SRX081991	homo_sapiens	ht_M_1
SRX081992	homo_sapiens	ht_M_2
SRX081993	homo_sapiens	kd_F_1
SRX081994	homo_sapiens	kd_M_1
SRX081995	homo_sapiens	kd_M_2
SRX081996	homo_sapiens	lv_M_1
SRX081997	homo_sapiens	lv_M_2
SRX081998	homo_sapiens	ts_M_1
SRX081999	homo_sapiens	ts_M_2
SRX081905	mus_musculus	br_F_1
SRX081906	mus_musculus	br_M_1
SRX081907	mus_musculus	br_M_2
SRX081908	mus_musculus	cb_F_1
SRX081909	mus_musculus	cb_M_1
SRX081910	mus_musculus	cb_M_2
SRX081911	mus_musculus	ht_F_1
SRX081912	mus_musculus	ht_M_1
SRX081913	mus_musculus	ht_M_2
SRX081914	mus_musculus	kd_F_1
SRX081915	mus_musculus	kd_M_1
SRX081916	mus_musculus	kd_M_2
SRX081917	mus_musculus	lv_F_1
SRX081918	mus_musculus	lv_M_1
SRX081919	mus_musculus	lv_M_2
SRX081920	mus_musculus	ts_M_1
SRX081921	mus_musculus	ts_M_2
SRX081893	monodelphis_domestica	br_F_1
SRX081894	monodelphis_domestica	br_M_1
SRX081895	monodelphis_domestica	cb_F_1
SRX081896	monodelphis_domestica	cb_M_1
SRX081897	monodelphis_domestica	ht_F_1
SRX081898	monodelphis_domestica	ht_M_1
SRX081899	monodelphis_domestica	kd_F_1
SRX081900	monodelphis_domestica	kd_M_1
SRX081901	monodelphis_domestica	lv_F_1
SRX081902	monodelphis_domestica	lv_M_1
SRX081903	monodelphis_domestica	ts_M_1
SRX081904	monodelphis_domestica	ts_M_2
