sample	species	tissue
SRX196371	gallus_gallus	a_brain
SRX196372	gallus_gallus	a_colon
SRX196373	gallus_gallus	a_heart
SRX196374	gallus_gallus	a_kidney
SRX196375	gallus_gallus	a_liver
SRX196376	gallus_gallus	a_lung
SRX196377	gallus_gallus	a_skm
SRX196378	gallus_gallus	a_spleen
SRX196379	gallus_gallus	a_testes
SRX196380	gallus_gallus	b_brain
SRX196381	gallus_gallus	b_colon
SRX196382	gallus_gallus	b_heart
SRX196383	gallus_gallus	b_kidney
SRX196384	gallus_gallus	b_liver
SRX196385	gallus_gallus	b_lung
SRX196386	gallus_gallus	b_skm
SRX196387	gallus_gallus	b_spleen
SRX196388	gallus_gallus	b_testes
SRX196389	gallus_gallus	c_brain
SRX196390	gallus_gallus	c_colon
SRX196391	gallus_gallus	c_heart
SRX196392	gallus_gallus	c_kidney
SRX196393	gallus_gallus	c_liver
SRX196394	gallus_gallus	c_lung
SRX196395	gallus_gallus	c_skm
SRX196396	gallus_gallus	c_spleen
SRX196397	gallus_gallus	c_testes
SRX196317	macaca_mulatta	a_brain
SRX196318	macaca_mulatta	a_colon
SRX196319	macaca_mulatta	a_heart
SRX196320	macaca_mulatta	a_kidney
SRX196321	macaca_mulatta	a_liver
SRX196322	macaca_mulatta	a_lung
SRX196323	macaca_mulatta	a_skm
SRX196324	macaca_mulatta	a_spleen
SRX196325	macaca_mulatta	a_testes
SRX196326	macaca_mulatta	b_brain
SRX196327	macaca_mulatta	b_colon
SRX196328	macaca_mulatta	b_heart
SRX196329	macaca_mulatta	b_kidney
SRX196330	macaca_mulatta	b_liver
SRX196331	macaca_mulatta	b_lung
SRX196332	macaca_mulatta	b_skm
SRX196333	macaca_mulatta	b_spleen
SRX196334	macaca_mulatta	b_testes
SRX196335	macaca_mulatta	c_brain
SRX196336	macaca_mulatta	c_colon
SRX196337	macaca_mulatta	c_heart
SRX196338	macaca_mulatta	c_kidney
SRX196339	macaca_mulatta	c_liver
SRX196340	macaca_mulatta	c_lung
SRX196341	macaca_mulatta	c_skm
SRX196342	macaca_mulatta	c_spleen
SRX196343	macaca_mulatta	c_testes
SRX196344	bos_taurus	a_brain
SRX196345	bos_taurus	a_colon
SRX196346	bos_taurus	a_heart
SRX196347	bos_taurus	a_kidney
SRX196348	bos_taurus	a_liver
SRX196349	bos_taurus	a_lung
SRX196350	bos_taurus	a_skm
SRX196351	bos_taurus	a_spleen
SRX196352	bos_taurus	a_testes
SRX196353	bos_taurus	b_brain
SRX196354	bos_taurus	b_colon
SRX196355	bos_taurus	b_heart
SRX196356	bos_taurus	b_kidney
SRX196357	bos_taurus	b_liver
SRX196358	bos_taurus	b_lung
SRX196359	bos_taurus	b_skm
SRX196360	bos_taurus	b_spleen
SRX196361	bos_taurus	b_testes
SRX196362	bos_taurus	c_brain
SRX196363	bos_taurus	c_colon
SRX196364	bos_taurus	c_heart
SRX196365	bos_taurus	c_kidney
SRX196366	bos_taurus	c_liver
SRX196367	bos_taurus	c_lung
SRX196368	bos_taurus	c_skm
SRX196369	bos_taurus	c_spleen
SRX196370	bos_taurus	c_testes
SRX196264	mus_musculus	a_brain
SRX196265	mus_musculus	a_colon
SRX196266	mus_musculus	a_heart
SRX196267	mus_musculus	a_kidney
SRX196268	mus_musculus	a_liver
SRX196269	mus_musculus	a_lung
SRX196270	mus_musculus	a_skm
SRX196271	mus_musculus	a_spleen
SRX196272	mus_musculus	a_testes
SRX196273	mus_musculus	b_brain
SRX196274	mus_musculus	b_colon
SRX196275	mus_musculus	b_kidney
SRX196276	mus_musculus	b_liver
SRX196277	mus_musculus	b_lung
SRX196278	mus_musculus	b_skm
SRX196279	mus_musculus	b_spleen
SRX196280	mus_musculus	b_testes
SRX196281	mus_musculus	c_brain
SRX196282	mus_musculus	c_colon
SRX196283	mus_musculus	c_heart
SRX196284	mus_musculus	c_kidney
SRX196285	mus_musculus	c_liver
SRX196286	mus_musculus	c_lung
SRX196287	mus_musculus	c_skm
SRX196288	mus_musculus	c_spleen
SRX196289	mus_musculus	c_testes
SRX196290	rattus_norvegicus	a_brain
SRX196291	rattus_norvegicus	a_colon
SRX196292	rattus_norvegicus	a_heart
SRX196293	rattus_norvegicus	a_kidney
SRX196294	rattus_norvegicus	a_liver
SRX196295	rattus_norvegicus	a_lung
SRX196296	rattus_norvegicus	a_skm
SRX196297	rattus_norvegicus	a_spleen
SRX196298	rattus_norvegicus	a_testes
SRX196299	rattus_norvegicus	b_brain
SRX196300	rattus_norvegicus	b_colon
SRX196301	rattus_norvegicus	b_heart
SRX196302	rattus_norvegicus	b_kidney
SRX196303	rattus_norvegicus	b_liver
SRX196304	rattus_norvegicus	b_lung
SRX196305	rattus_norvegicus	b_skm
SRX196306	rattus_norvegicus	b_spleen
SRX196307	rattus_norvegicus	b_testes
SRX196308	rattus_norvegicus	c_brain
SRX196309	rattus_norvegicus	c_colon
SRX196310	rattus_norvegicus	c_heart
SRX196311	rattus_norvegicus	c_kidney
SRX196312	rattus_norvegicus	c_liver
SRX196313	rattus_norvegicus	c_lung
SRX196314	rattus_norvegicus	c_skm
SRX196315	rattus_norvegicus	c_spleen
SRX196316	rattus_norvegicus	c_testes
